Workbook

Sheet Sheet1
A1: Unnamed: 0 | B1: Train | C1: Prev_Block | D1: Prev_Block_Line | E1: Station_Sequence | F1: Station | G1: Station_Line | H1: Next_Block | I1: Next_Block_Line | J1: Entry_Time | K1: Exit_Time | L1: Block_Exit_Time | M1: Cumulative_Distance
A2: 1781 | B2: 12021_0 | C2: Not_Defined | D2: Not_Defined | E2: =IF(B1920=B1919,E1919+1,1) -> 1 | F2: HWH | G2: 7 | H2: HWH-TPKR | I2: 1 | J2: 22278 | K2: 22278 | L2: =IF(AND(H1920=C1921,B1920=B1921),J1921,"") -> 22782 | M2: =VLOOKUP(F1920,Sheet2!$A$2:$B$500,2,FALSE) -> 0
A3: 1782 | B3: 12021_0 | C3: HWH-TPKR | D3: 1 | E3: =IF(B1921=B1920,E1920+1,1) -> 2 | F3: TPKR | G3: 2 | H3: TPKR-DSNR | I3: 2 | J3: 22782 | K3: 22782 | L3: =IF(AND(H1921=C1922,B1921=B1922),J1922,"") -> 22948 | M3: =VLOOKUP(F1921,Sheet2!$A$2:$B$500,2,FALSE) -> 2.7
A4: 1783 | B4: 12021_0 | C4: TPKR-DSNR | D4: 2 | E4: =IF(B1922=B1921,E1921+1,1) -> 3 | F4: DSNR | G4: 2 | H4: DSNR-RMJ | I4: 2 | J4: 22948 | K4: 22948 | L4: =IF(AND(H1922=C1923,B1922=B1923),J1923,"") -> 23082 | M4: =VLOOKUP(F1922,Sheet2!$A$2:$B$500,2,FALSE) -> 4.44
A5: 1784 | B5: 12021_0 | C5: DSNR-RMJ | D5: 2 | E5: =IF(B1923=B1922,E1922+1,1) -> 4 | F5: RMJ | G5: 2 | H5: RMJ-SRC | I5: 2 | J5: 23082 | K5: 23082 | L5: =IF(AND(H1923=C1924,B1923=B1924),J1924,"") -> 23244 | M5: =VLOOKUP(F1923,Sheet2!$A$2:$B$500,2,FALSE) -> 6.08
A6: 1785 | B6: 12021_0 | C6: RMJ-SRC | D6: 2 | E6: =IF(B1924=B1923,E1923+1,1) -> 5 | F6: SRC | G6: 2 | H6: SRC-MRGM | I6: 1 | J6: 23244 | K6: 23244 | L6: =IF(AND(H1924=C1925,B1924=B1925),J1925,"") -> 23360 | M6: =VLOOKUP(F1924,Sheet2!$A$2:$B$500,2,FALSE) -> 7.48
A7: 1786 | B7: 12021_0 | C7: SRC-MRGM | D7: 1 | E7: =IF(B1925=B1924,E1924+1,1) -> 6 | F7: MRGM | G7: 1 | H7: MRGM-ADL | I7: 1 | J7: 23360 | K7: 23360 | L7: =IF(AND(H1925=C1926,B1925=B1926),J1926,"") -> 23438 | M7: =VLOOKUP(F1925,Sheet2!$A$2:$B$500,2,FALSE) -> 10.3
A8: 1787 | B8: 12021_0 | C8: MRGM-ADL | D8: 1 | E8: =IF(B1926=B1925,E1925+1,1) -> 7 | F8: ADL | G8: 1 | H8: ADL-SEL | I8: 2 | J8: 23438 | K8: 23438 | L8: =IF(AND(H1926=C1927,B1926=B1927),J1927,"") -> 23592 | M8: =VLOOKUP(F1926,Sheet2!$A$2:$B$500,2,FALSE) -> 12.3
A9: 1788 | B9: 12021_0 | C9: ADL-SEL | D9: 2 | E9: =IF(B1927=B1926,E1926+1,1) -> 8 | F9: SEL | G9: 2 | H9: SEL-ABB | I9: 1 | J9: 23592 | K9: 23592 | L9: =IF(AND(H1927=C1928,B1927=B1928),J1928,"") -> 23664 | M9: =VLOOKUP(F1927,Sheet2!$A$2:$B$500,2,FALSE) -> 15.9
A10: 1789 | B10: 12021_0 | C10: SEL-ABB | D10: 1 | E10: =IF(B1928=B1927,E1927+1,1) -> 9 | F10: ABB | G10: 2 | H10: ABB-NALR | I10: 2 | J10: 23664 | K10: 23664 | L10: =IF(AND(H1928=C1929,B1928=B1929),J1929,"") -> 23782 | M10: =VLOOKUP(F1928,Sheet2!$A$2:$B$500,2,FALSE) -> 17.2
A11: 1790 | B11: 12021_0 | C11: ABB-NALR | D11: 2 | E11: =IF(B1929=B1928,E1928+1,1) -> 10 | F11: NALR | G11: 2 | H11: NALR-BVA | I11: 2 | J11: 23782 | K11: 23782 | L11: =IF(AND(H1929=C1930,B1929=B1930),J1930,"") -> 23938 | M11: =VLOOKUP(F1929,Sheet2!$A$2:$B$500,2,FALSE) -> 20.2
A12: 1791 | B12: 12021_0 | C12: NALR-BVA | D12: 2 | E12: =IF(B1930=B1929,E1929+1,1) -> 11 | F12: BVA | G12: 1 | H12: BVA-CGA | I12: 1 | J12: 23938 | K12: 23938 | L12: =IF(AND(H1930=C1931,B1930=B1931),J1931,"") -> 24148 | M12: =VLOOKUP(F1930,Sheet2!$A$2:$B$500,2,FALSE) -> 24.1
A13: 1792 | B13: 12021_0 | C13: BVA-CGA | D13: 1 | E13: =IF(B1931=B1930,E1930+1,1) -> 12 | F13: CGA | G13: 1 | H13: CGA-FLR | I13: 1 | J13: 24148 | K13: 24148 | L13: =IF(AND(H1931=C1932,B1931=B1932),J1932,"") -> 24232 | M13: =VLOOKUP(F1931,Sheet2!$A$2:$B$500,2,FALSE) -> 27.24
A14: 1793 | B14: 12021_0 | C14: CGA-FLR | D14: 1 | E14: =IF(B1932=B1931,E1931+1,1) -> 13 | F14: FLR | G14: 1 | H14: FLR-ULB | I14: 1 | J14: 24232 | K14: 24232 | L14: =IF(AND(H1932=C1933,B1932=B1933),J1933,"") -> 24404 | M14: =VLOOKUP(F1932,Sheet2!$A$2:$B$500,2,FALSE) -> 29.84
... A62: 1841 | B62: 12021_0 | C62: MMV-RKSN | D62: 2 | E62: =IF(B1980=B1979,E1979+1,1) -> 61 | F62: RKSN | G62: 8 | H62: RKSN-RKWO | I62: 2 | J62: 36662 | K62: 36662 | L62: =IF(AND(H1980=C1981,B1980=B1981),J1981,"") -> 36800 | M62: =VLOOKUP(F1980,Sheet2!$A$2:$B$500,2,FALSE) -> 292.25
A63: 1842 | B63: 12021_0 | C63: RKSN-RKWO | D63: 2 | E63: =IF(B1981=B1980,E1980+1,1) -> 62 | F63: RKWO | G63: 2 | J63: 36800 | K63: 36800 | L63: =IF(AND(H1981=C1982,B1981=B1982),J1982,"") | M63: =VLOOKUP(F1981,Sheet2!$A$2:$B$500,2,FALSE) -> 294.17
A64: 5737 | B64: 12021_1 | C64: Not_Defined | D64: Not_Defined | E64: =IF(B1982=B1981,E1981+1,1) -> 1 | F64: HWH | G64: 7 | H64: HWH-TPKR | I64: 2 | J64: 108678 | K64: 108678 | L64: =IF(AND(H1982=C1983,B1982=B1983),J1983,"") -> 109182 | M64: =VLOOKUP(F1982,Sheet2!$A$2:$B$500,2,FALSE) -> 0
A65: 5738 | B65: 12021_1 | C65: HWH-TPKR | D65: 2 | E65: =IF(B1983=B1982,E1982+1,1) -> 2 | F65: TPKR | G65: 3 | H65: TPKR-DSNR | I65: 3 | J65: 109182 | K65: 109182 | L65: =IF(AND(H1983=C1984,B1983=B1984),J1984,"") -> 109348 | M65: =VLOOKUP(F1983,Sheet2!$A$2:$B$500,2,FALSE) -> 2.7
A66: 5739 | B66: 12021_1 | C66: TPKR-DSNR | D66: 3 | E66: =IF(B1984=B1983,E1983+1,1) -> 3 | F66: DSNR | G66: 3 | H66: DSNR-RMJ | I66: 3 | J66: 109348 | K66: 109348 | L66: =IF(AND(H1984=C1985,B1984=B1985),J1985,"") -> 109482 | M66: =VLOOKUP(F1984,Sheet2!$A$2:$B$500,2,FALSE) -> 4.44
A67: 5740 | B67: 12021_1 | C67: DSNR-RMJ | D67: 3 | E67: =IF(B1985=B1984,E1984+1,1) -> 4 | F67: RMJ | G67: 3 | H67: RMJ-SRC | I67: 3 | J67: 109482 | K67: 109482 | L67: =IF(AND(H1985=C1986,B1985=B1986),J1986,"") -> 109644 | M67: =VLOOKUP(F1985,Sheet2!$A$2:$B$500,2,FALSE) -> 6.08
A68: 5741 | B68: 12021_1 | C68: RMJ-SRC | D68: 3 | E68: =IF(B1986=B1985,E1985+1,1) -> 5 | F68: SRC | G68: 4 | H68: SRC-MRGM | I68: 1 | J68: 109644 | K68: 109644 | L68: =IF(AND(H1986=C1987,B1986=B1987),J1987,"") -> 109760 | M68: =VLOOKUP(F1986,Sheet2!$A$2:$B$500,2,FALSE) -> 7.48
A69: 5742 | B69: 12021_1 | C69: SRC-MRGM | D69: 1 | E69: =IF(B1987=B1986,E1986+1,1) -> 6 | F69: MRGM | G69: 1 | H69: MRGM-ADL | I69: 1 | J69: 109760 | K69: 109760 | L69: =IF(AND(H1987=C1988,B1987=B1988),J1988,"") -> 109838 | M69: =VLOOKUP(F1987,Sheet2!$A$2:$B$500,2,FALSE) -> 10.3
A70: 5743 | B70: 12021_1 | C70: MRGM-ADL | D70: 1 | E70: =IF(B1988=B1987,E1987+1,1) -> 7 | F70: ADL | G70: 1 | H70: ADL-SEL | I70: 2 | J70: 109838 | K70: 109838 | L70: =IF(AND(H1988=C1989,B1988=B1989),J1989,"") -> 109992 | M70: =VLOOKUP(F1988,Sheet2!$A$2:$B$500,2,FALSE) -> 12.3
A71: 5744 | B71: 12021_1 | C71: ADL-SEL | D71: 2 | E71: =IF(B1989=B1988,E1988+1,1) -> 8 | F71: SEL | G71: 2 | H71: SEL-ABB | I71: 2 | J71: 109992 | K71: 109992 | L71: =IF(AND(H1989=C1990,B1989=B1990),J1990,"") -> 110064 | M71: =VLOOKUP(F1989,Sheet2!$A$2:$B$500,2,FALSE) -> 15.9
A72: 5745 | B72: 12021_1 | C72: SEL-ABB | D72: 2 | E72: =IF(B1990=B1989,E1989+1,1) -> 9 | F72: ABB | G72: 2 | H72: ABB-NALR | I72: 2 | J72: 110064 | K72: 110064 | L72: =IF(AND(H1990=C1991,B1990=B1991),J1991,"") -> 110182 | M72: =VLOOKUP(F1990,Sheet2!$A$2:$B$500,2,FALSE) -> 17.2
A73: 5746 | B73: 12021_1 | C73: ABB-NALR | D73: 2 | E73: =IF(B1991=B1990,E1990+1,1) -> 10 | F73: NALR | G73: 2 | H73: NALR-BVA | I73: 2 | J73: 110182 | K73: 110182 | L73: =IF(AND(H1991=C1992,B1991=B1992),J1992,"") -> 110338 | M73: =VLOOKUP(F1991,Sheet2!$A$2:$B$500,2,FALSE) -> 20.2
A74: 5747 | B74: 12021_1 | C74: NALR-BVA | D74: 2 | E74: =IF(B1992=B1991,E1991+1,1) -> 11 | F74: BVA | G74: 1 | H74: BVA-CGA | I74: 1 | J74: 110338 | K74: 110338 | L74: =IF(AND(H1992=C1993,B1992=B1993),J1993,"") -> 110548 | M74: =VLOOKUP(F1992,Sheet2!$A$2:$B$500,2,FALSE) -> 24.1
A75: 5748 | B75: 12021_1 | C75: BVA-CGA | D75: 1 | E75: =IF(B1993=B1992,E1992+1,1) -> 12 | F75: CGA | G75: 1 | H75: CGA-FLR | I75: 1 | J75: 110548 | K75: 110548 | L75: =IF(AND(H1993=C1994,B1993=B1994),J1994,"") -> 110632 | M75: =VLOOKUP(F1993,Sheet2!$A$2:$B$500,2,FALSE) -> 27.24
A76: 5749 | B76: 12021_1 | C76: CGA-FLR | D76: 1 | E76: =IF(B1994=B1993,E1993+1,1) -> 13 | F76: FLR | G76: 1 | H76: FLR-ULB | I76: 1 | J76: 110632 | K76: 110632 | L76: =IF(AND(H1994=C1995,B1994=B1995),J1995,"") -> 110804 | M76: =VLOOKUP(F1994,Sheet2!$A$2:$B$500,2,FALSE) -> 29.84
... A124: 5797 | B124: 12021_1 | C124: MMV-RKSN | D124: 2 | E124: =IF(B2042=B2041,E2041+1,1) -> 61 | F124: RKSN | G124: 9 | H124: RKSN-RKWO | I124: 3 | J124: 123062 | K124: 123062 | L124: =IF(AND(H2042=C2043,B2042=B2043),J2043,"") -> 123200 | M124: =VLOOKUP(F2042,Sheet2!$A$2:$B$500,2,FALSE) -> 292.25
A125: 5798 | B125: 12021_1 | C125: RKSN-RKWO | D125: 3 | E125: =IF(B2043=B2042,E2042+1,1) -> 62 | F125: RKWO | G125: 3 | J125: 123200 | K125: 123200 | L125: =IF(AND(H2043=C2044,B2043=B2044),J2044,"") | M125: =VLOOKUP(F2043,Sheet2!$A$2:$B$500,2,FALSE) -> 294.17
A126: 1525 | B126: 12022_0 | C126: Not_Defined | D126: Not_Defined | E126: =IF(B2044=B2043,E2043+1,1) -> 1 | F126: RKSN | G126: 1 | H126: RKSN-MMV | I126: 1 | J126: 57060 | K126: 57060 | L126: =IF(AND(H2044=C2045,B2044=B2045),J2045,"") -> 57340 | M126: =VLOOKUP(F2044,Sheet2!$A$2:$B$500,2,FALSE) -> 292.25
A127: 1526 | B127: 12022_0 | C127: RKSN-MMV | D127: 1 | E127: =IF(B2045=B2044,E2044+1,1) -> 2 | F127: MMV | G127: 1 | H127: MMV-SINI | I127: 1 | J127: 57340 | K127: 57340 | L127: =IF(AND(H2045=C2046,B2045=B2046),J2046,"") -> 57624 | M127: =VLOOKUP(F2045,Sheet2!$A$2:$B$500,2,FALSE) -> 284.85
A128: 1527 | B128: 12022_0 | C128: MMV-SINI | D128: 1 | E128: =IF(B2046=B2045,E2045+1,1) -> 3 | F128: SINI | G128: 5 | H128: SINI-BRBS | I128: 3 | J128: 57624 | K128: 57744 | L128: =IF(AND(H2046=C2047,B2046=B2047),J2047,"") -> 58022 | M128: =VLOOKUP(F2046,Sheet2!$A$2:$B$500,2,FALSE) -> 277.05
A129: 1528 | B129: 12022_0 | C129: SINI-BRBS | D129: 3 | E129: =IF(B2047=B2046,E2046+1,1) -> 4 | F129: BRBS | G129: 3 | H129: BRBS-GMH | I129: 3 | J129: 58022 | K129: 58022 | L129: =IF(AND(H2047=C2048,B2047=B2048),J2048,"") -> 58382 | M129: =VLOOKUP(F2047,Sheet2!$A$2:$B$500,2,FALSE) -> 269.89
A130: 1529 | B130: 12022_0 | C130: BRBS-GMH | D130: 3 | E130: =IF(B2048=B2047,E2047+1,1) -> 5 | F130: GMH | G130: 6 | H130: GMH-ADTP | I130: 3 | J130: 58382 | K130: 58382 | L130: =IF(AND(H2048=C2049,B2048=B2049),J2049,"") -> 58680 | M130: =VLOOKUP(F2048,Sheet2!$A$2:$B$500,2,FALSE) -> 260.81
A131: 1530 | B131: 12022_0 | C131: GMH-ADTP | D131: 3 | E131: =IF(B2049=B2048,E2048+1,1) -> 6 | F131: ADTP | G131: 1 | H131: ADTP-TATA | I131: 1 | J131: 58680 | K131: 58680 | L131: =IF(AND(H2049=C2050,B2049=B2050),J2050,"") -> 59022 | M131: =VLOOKUP(F2049,Sheet2!$A$2:$B$500,2,FALSE) -> 254.61
A132: 1531 | B132: 12022_0 | C132: ADTP-TATA | D132: 1 | E132: =IF(B2050=B2049,E2049+1,1) -> 7 | F132: TATA | G132: 6 | H132: TATA-SLJR | I132: 2 | J132: 59022 | K132: 59502 | L132: =IF(AND(H2050=C2051,B2050=B2051),J2051,"") -> 59740 | M132: =VLOOKUP(F2050,Sheet2!$A$2:$B$500,2,FALSE) -> 250.21
A133: 1532 | B133: 12022_0 | C133: TATA-SLJR | D133: 2 | E133: =IF(B2051=B2050,E2050+1,1) -> 8 | F133: SLJR | G133: 2 | H133: SLJR-GVDP | I133: 2 | J133: 59740 | K133: 59740 | L133: =IF(AND(H2051=C2052,B2051=B2052),J2052,"") -> 59868 | M133: =VLOOKUP(F2051,Sheet2!$A$2:$B$500,2,FALSE) -> 247.11
A134: 1533 | B134: 12022_0 | C134: SLJR-GVDP | D134: 2 | E134: =IF(B2052=B2051,E2051+1,1) -> 9 | F134: GVDP | G134: 2 | H134: GVDP-ASB | I134: 2 | J134: 59868 | K134: 59868 | L134: =IF(AND(H2052=C2053,B2052=B2053),J2053,"") -> 60258 | M134: =VLOOKUP(F2052,Sheet2!$A$2:$B$500,2,FALSE) -> 243.13
A135: 1534 | B135: 12022_0 | C135: GVDP-ASB | D135: 2 | E135: =IF(B2053=B2052,E2052+1,1) -> 10 | F135: ASB | G135: 4 | H135: ASB-RHE | I135: 2 | J135: 60258 | K135: 60258 | L135: =IF(AND(H2053=C2054,B2053=B2054),J2054,"") -> 60454 | M135: =VLOOKUP(F2053,Sheet2!$A$2:$B$500,2,FALSE) -> 235.72
A136: 1535 | B136: 12022_0 | C136: ASB-RHE | D136: 2 | E136: =IF(B2054=B2053,E2053+1,1) -> 11 | F136: RHE | G136: 3 | H136: RHE-GUD | I136: 2 | J136: 60454 | K136: 60454 | L136: =IF(AND(H2054=C2055,B2054=B2055),J2055,"") -> 60700 | M136: =VLOOKUP(F2054,Sheet2!$A$2:$B$500,2,FALSE) -> 230.82
A137: 1536 | B137: 12022_0 | C137: RHE-GUD | D137: 2 | E137: =IF(B2055=B2054,E2054+1,1) -> 12 | F137: GUD | G137: 1 | H137: GUD-GTS | I137: 2 | J137: 60700 | K137: 60700 | L137: =IF(AND(H2055=C2056,B2055=B2056),J2056,"") -> 61090 | M137: =VLOOKUP(F2055,Sheet2!$A$2:$B$500,2,FALSE) -> 223.82
A138: 1537 | B138: 12022_0 | C138: GUD-GTS | D138: 2 | E138: =IF(B2056=B2055,E2055+1,1) -> 13 | F138: GTS | G138: 1 | H138: GTS-CHGA | I138: 2 | J138: 61090 | K138: 61210 | L138: =IF(AND(H2056=C2057,B2056=B2057),J2057,"") -> 61450 | M138: =VLOOKUP(F2056,Sheet2!$A$2:$B$500,2,FALSE) -> 213.87
... A185: 1584 | B185: 12022_0 | C185: DSNR-TPKR | D185: 4 | E185: =IF(B2103=B2102,E2102+1,1) -> 60 | F185: TPKR | G185: 4 | H185: TPKR-HWH | I185: 3 | J185: 71340 | K185: 71340 | L185: =IF(AND(H2103=C2104,B2103=B2104),J2104,"") -> 72174 | M185: =VLOOKUP(F2103,Sheet2!$A$2:$B$500,2,FALSE) -> 2.7
A186: 1585 | B186: 12022_0 | C186: TPKR-HWH | D186: 3 | E186: =IF(B2104=B2103,E2103+1,1) -> 61 | F186: HWH | G186: 7 | J186: 72174 | K186: 72174 | L186: =IF(AND(H2104=C2105,B2104=B2105),J2105,"") | M186: =VLOOKUP(F2104,Sheet2!$A$2:$B$500,2,FALSE) -> 0
A187: 5481 | B187: 12022_1 | C187: Not_Defined | D187: Not_Defined | E187: =IF(B2105=B2104,E2104+1,1) -> 1 | F187: RKSN | G187: 1 | H187: RKSN-MMV | I187: 1 | J187: 143460 | K187: 143460 | L187: =IF(AND(H2105=C2106,B2105=B2106),J2106,"") -> 143740 | M187: =VLOOKUP(F2105,Sheet2!$A$2:$B$500,2,FALSE) -> 292.25
A188: 5482 | B188: 12022_1 | C188: RKSN-MMV | D188: 1 | E188: =IF(B2106=B2105,E2105+1,1) -> 2 | F188: MMV | G188: 1 | H188: MMV-SINI | I188: 1 | J188: 143740 | K188: 143740 | L188: =IF(AND(H2106=C2107,B2106=B2107),J2107,"") -> 144024 | M188: =VLOOKUP(F2106,Sheet2!$A$2:$B$500,2,FALSE) -> 284.85
A189: 5483 | B189: 12022_1 | C189: MMV-SINI | D189: 1 | E189: =IF(B2107=B2106,E2106+1,1) -> 3 | F189: SINI | G189: 1 | H189: SINI-BRBS | I189: 1 | J189: 144024 | K189: 144144 | L189: =IF(AND(H2107=C2108,B2107=B2108),J2108,"") -> 144422 | M189: =VLOOKUP(F2107,Sheet2!$A$2:$B$500,2,FALSE) -> 277.05
A190: 5484 | B190: 12022_1 | C190: SINI-BRBS | D190: 1 | E190: =IF(B2108=B2107,E2107+1,1) -> 4 | F190: BRBS | G190: 1 | H190: BRBS-GMH | I190: 1 | J190: 144422 | K190: 144422 | L190: =IF(AND(H2108=C2109,B2108=B2109),J2109,"") -> 144782 | M190: =VLOOKUP(F2108,Sheet2!$A$2:$B$500,2,FALSE) -> 269.89
A191: 5485 | B191: 12022_1 | C191: BRBS-GMH | D191: 1 | E191: =IF(B2109=B2108,E2108+1,1) -> 5 | F191: GMH | G191: 1 | H191: GMH-ADTP | I191: 1 | J191: 144782 | K191: 144782 | L191: =IF(AND(H2109=C2110,B2109=B2110),J2110,"") -> 145080 | M191: =VLOOKUP(F2109,Sheet2!$A$2:$B$500,2,FALSE) -> 260.81
A192: 5486 | B192: 12022_1 | C192: GMH-ADTP | D192: 1 | E192: =IF(B2110=B2109,E2109+1,1) -> 6 | F192: ADTP | G192: 1 | H192: ADTP-TATA | I192: 1 | J192: 145080 | K192: 145080 | L192: =IF(AND(H2110=C2111,B2110=B2111),J2111,"") -> 145422 | M192: =VLOOKUP(F2110,Sheet2!$A$2:$B$500,2,FALSE) -> 254.61
A193: 5487 | B193: 12022_1 | C193: ADTP-TATA | D193: 1 | E193: =IF(B2111=B2110,E2110+1,1) -> 7 | F193: TATA | G193: 6 | H193: TATA-SLJR | I193: 2 | J193: 145422 | K193: 145902 | L193: =IF(AND(H2111=C2112,B2111=B2112),J2112,"") -> 146140 | M193: =VLOOKUP(F2111,Sheet2!$A$2:$B$500,2,FALSE) -> 250.21
A194: 5488 | B194: 12022_1 | C194: TATA-SLJR | D194: 2 | E194: =IF(B2112=B2111,E2111+1,1) -> 8 | F194: SLJR | G194: 2 | H194: SLJR-GVDP | I194: 2 | J194: 146140 | K194: 146140 | L194: =IF(AND(H2112=C2113,B2112=B2113),J2113,"") -> 146268 | M194: =VLOOKUP(F2112,Sheet2!$A$2:$B$500,2,FALSE) -> 247.11
A195: 5489 | B195: 12022_1 | C195: SLJR-GVDP | D195: 2 | E195: =IF(B2113=B2112,E2112+1,1) -> 9 | F195: GVDP | G195: 2 | H195: GVDP-ASB | I195: 2 | J195: 146268 | K195: 146268 | L195: =IF(AND(H2113=C2114,B2113=B2114),J2114,"") -> 146658 | M195: =VLOOKUP(F2113,Sheet2!$A$2:$B$500,2,FALSE) -> 243.13
A196: 5490 | B196: 12022_1 | C196: GVDP-ASB | D196: 2 | E196: =IF(B2114=B2113,E2113+1,1) -> 10 | F196: ASB | G196: 4 | H196: ASB-RHE | I196: 2 | J196: 146658 | K196: 146658 | L196: =IF(AND(H2114=C2115,B2114=B2115),J2115,"") -> 146854 | M196: =VLOOKUP(F2114,Sheet2!$A$2:$B$500,2,FALSE) -> 235.72
A197: 5491 | B197: 12022_1 | C197: ASB-RHE | D197: 2 | E197: =IF(B2115=B2114,E2114+1,1) -> 11 | F197: RHE | G197: 3 | H197: RHE-GUD | I197: 2 | J197: 146854 | K197: 146854 | L197: =IF(AND(H2115=C2116,B2115=B2116),J2116,"") -> 147100 | M197: =VLOOKUP(F2115,Sheet2!$A$2:$B$500,2,FALSE) -> 230.82
A198: 5492 | B198: 12022_1 | C198: RHE-GUD | D198: 2 | E198: =IF(B2116=B2115,E2115+1,1) -> 12 | F198: GUD | G198: 1 | H198: GUD-GTS | I198: 2 | J198: 147100 | K198: 147100 | L198: =IF(AND(H2116=C2117,B2116=B2117),J2117,"") -> 147490 | M198: =VLOOKUP(F2116,Sheet2!$A$2:$B$500,2,FALSE) -> 223.82
A199: 5493 | B199: 12022_1 | C199: GUD-GTS | D199: 2 | E199: =IF(B2117=B2116,E2116+1,1) -> 13 | F199: GTS | G199: 1 | H199: GTS-CHGA | I199: 2 | J199: 147490 | K199: 147610 | L199: =IF(AND(H2117=C2118,B2117=B2118),J2118,"") -> 147850 | M199: =VLOOKUP(F2117,Sheet2!$A$2:$B$500,2,FALSE) -> 213.87
... A246: 5540 | B246: 12022_1 | C246: DSNR-TPKR | D246: 4 | E246: =IF(B2164=B2163,E2163+1,1) -> 60 | F246: TPKR | G246: 4 | H246: TPKR-HWH | I246: 3 | J246: 157740 | K246: 157740 | L246: =IF(AND(H2164=C2165,B2164=B2165),J2165,"") -> 158574 | M246: =VLOOKUP(F2164,Sheet2!$A$2:$B$500,2,FALSE) -> 2.7
A247: 5541 | B247: 12022_1 | C247: TPKR-HWH | D247: 3 | E247: =IF(B2165=B2164,E2164+1,1) -> 61 | F247: HWH | G247: 7 | J247: 158574 | K247: 158574 | L247: =IF(AND(H2165=C2166,B2165=B2166),J2166,"") | M247: =VLOOKUP(F2165,Sheet2!$A$2:$B$500,2,FALSE) -> 0
A248: 2915 | B248: 12051_0 | C248: Not_Defined | D248: Not_Defined | E248: =IF(B2166=B2165,E2165+1,1) -> 1 | F248: CSMT | G248: 3 | H248: CSMT-MSD | I248: 3 | J248: 14400 | K248: 14400 | L248: =IF(AND(H2166=C2167,B2166=B2167),J2167,"") -> 14710 | M248: =VLOOKUP(F2166,Sheet2!$A$2:$B$500,2,FALSE) -> 1975.75
A249: 2916 | B249: 12051_0 | C249: CSMT-MSD | D249: 3 | E249: =IF(B2167=B2166,E2166+1,1) -> 2 | F249: MSD | G249: 5 | H249: MSD-SNRD | I249: 3 | J249: 14710 | K249: 14710 | L249: =IF(AND(H2167=C2168,B2167=B2168),J2168,"") -> 14838 | M249: =VLOOKUP(F2167,Sheet2!$A$2:$B$500,2,FALSE) -> 1974.53
A250: 2917 | B250: 12051_0 | C250: MSD-SNRD | D250: 3 | E250: =IF(B2168=B2167,E2167+1,1) -> 3 | F250: SNRD | G250: 3 | H250: SNRD-BY | I250: 1 | J250: 14838 | K250: 14838 | L250: =IF(AND(H2168=C2169,B2168=B2169),J2169,"") -> 14976 | M250: =VLOOKUP(F2168,Sheet2!$A$2:$B$500,2,FALSE) -> 1973.67
A251: 2918 | B251: 12051_0 | C251: SNRD-BY | D251: 1 | E251: =IF(B2169=B2168,E2168+1,1) -> 4 | F251: BY | G251: 1 | H251: BY-CHG | I251: 1 | J251: 14976 | K251: 14976 | L251: =IF(AND(H2169=C2170,B2169=B2170),J2170,"") -> 15050 | M251: =VLOOKUP(F2169,Sheet2!$A$2:$B$500,2,FALSE) -> 1971.71
A252: 2919 | B252: 12051_0 | C252: BY-CHG | D252: 1 | E252: =IF(B2170=B2169,E2169+1,1) -> 5 | F252: CHG | G252: 3 | H252: CHG-CRD | I252: 3 | J252: 15050 | K252: 15050 | L252: =IF(AND(H2170=C2171,B2170=B2171),J2171,"") -> 15114 | M252: =VLOOKUP(F2170,Sheet2!$A$2:$B$500,2,FALSE) -> 1970.22
A253: 2920 | B253: 12051_0 | C253: CHG-CRD | D253: 3 | E253: =IF(B2171=B2170,E2170+1,1) -> 6 | F253: CRD | G253: 3 | H253: CRD-PR | I253: 3 | J253: 15114 | K253: 15114 | L253: =IF(AND(H2171=C2172,B2171=B2172),J2172,"") -> 15188 | M253: =VLOOKUP(F2171,Sheet2!$A$2:$B$500,2,FALSE) -> 1969.68
A254: 2921 | B254: 12051_0 | C254: CRD-PR | D254: 3 | E254: =IF(B2172=B2171,E2171+1,1) -> 7 | F254: PR | G254: 3 | H254: PR-DR | I254: 3 | J254: 15188 | K254: 15188 | L254: =IF(AND(H2172=C2173,B2172=B2173),J2173,"") -> 15318 | M254: =VLOOKUP(F2172,Sheet2!$A$2:$B$500,2,FALSE) -> 1968.1
A255: 2922 | B255: 12051_0 | C255: PR-DR | D255: 3 | E255: =IF(B2173=B2172,E2172+1,1) -> 8 | F255: DR | G255: 3 | H255: DR-MTN | I255: 3 | J255: 15318 | K255: 15438 | L255: =IF(AND(H2173=C2174,B2173=B2174),J2174,"") -> 15570 | M255: =VLOOKUP(F2173,Sheet2!$A$2:$B$500,2,FALSE) -> 1966.9
A256: 2923 | B256: 12051_0 | C256: DR-MTN | D256: 3 | E256: =IF(B2174=B2173,E2173+1,1) -> 9 | F256: MTN | G256: 3 | H256: MTN-SION | I256: 1 | J256: 15570 | K256: 15570 | L256: =IF(AND(H2174=C2175,B2174=B2175),J2175,"") -> 15654 | M256: =VLOOKUP(F2174,Sheet2!$A$2:$B$500,2,FALSE) -> 1965.63
A257: 2924 | B257: 12051_0 | C257: MTN-SION | D257: 1 | E257: =IF(B2175=B2174,E2174+1,1) -> 10 | F257: SION | G257: 3 | H257: SION-CLA | I257: 3 | J257: 15654 | K257: 15654 | L257: =IF(AND(H2175=C2176,B2175=B2176),J2176,"") -> 15798 | M257: =VLOOKUP(F2175,Sheet2!$A$2:$B$500,2,FALSE) -> 1963.04
A258: 2925 | B258: 12051_0 | C258: SION-CLA | D258: 3 | E258: =IF(B2176=B2175,E2175+1,1) -> 11 | F258: CLA | G258: 5 | H258: CLA-VVH | I258: 3 | J258: 15798 | K258: 15798 | L258: =IF(AND(H2176=C2177,B2176=B2177),J2177,"") -> 15880 | M258: =VLOOKUP(F2176,Sheet2!$A$2:$B$500,2,FALSE) -> 1960.36
A259: 2926 | B259: 12051_0 | C259: CLA-VVH | D259: 3 | E259: =IF(B2177=B2176,E2176+1,1) -> 12 | F259: VVH | G259: 3 | H259: VVH-GC | I259: 3 | J259: 15880 | K259: 15880 | L259: =IF(AND(H2177=C2178,B2177=B2178),J2178,"") -> 16134 | M259: =VLOOKUP(F2177,Sheet2!$A$2:$B$500,2,FALSE) -> 1957.95
A260: 2927 | B260: 12051_0 | C260: VVH-GC | D260: 3 | E260: =IF(B2178=B2177,E2177+1,1) -> 13 | F260: GC | G260: 3 | H260: GC-VK | I260: 3 | J260: 16134 | K260: 16134 | L260: =IF(AND(H2178=C2179,B2178=B2179),J2179,"") -> 16348 | M260: =VLOOKUP(F2178,Sheet2!$A$2:$B$500,2,FALSE) -> 1956.45
... A266: 2933 | B266: 12051_0 | C266: MLND-TNA | D266: 3 | E266: =IF(B2184=B2183,E2183+1,1) -> 19 | F266: TNA | G266: 7 | H266: TNA-DIVA | I266: 1 | J266: 16964 | K266: 17084 | L266: =IF(AND(H2184=C2185,B2184=B2185),J2185,"") -> 17444 | M266: =VLOOKUP(F2184,Sheet2!$A$2:$B$500,2,FALSE) -> 1942.73
A267: 2934 | B267: 12051_0 | C267: TNA-DIVA | D267: 1 | E267: =IF(B2185=B2184,E2184+1,1) -> 20 | F267: DIVA | G267: 3 | J267: 17444 | K267: 17444 | L267: =IF(AND(H2185=C2186,B2185=B2186),J2186,"") | M267: =VLOOKUP(F2185,Sheet2!$A$2:$B$500,2,FALSE) -> 1933.3
A268: 8022 | B268: 12051_1 | C268: Not_Defined | D268: Not_Defined | E268: =IF(B2186=B2185,E2185+1,1) -> 1 | F268: CSMT | G268: 3 | H268: CSMT-MSD | I268: 3 | J268: 100800 | K268: 100800 | L268: =IF(AND(H2186=C2187,B2186=B2187),J2187,"") -> 101110 | M268: =VLOOKUP(F2186,Sheet2!$A$2:$B$500,2,FALSE) -> 1975.75
A269: 8023 | B269: 12051_1 | C269: CSMT-MSD | D269: 3 | E269: =IF(B2187=B2186,E2186+1,1) -> 2 | F269: MSD | G269: 5 | H269: MSD-SNRD | I269: 3 | J269: 101110 | K269: 101110 | L269: =IF(AND(H2187=C2188,B2187=B2188),J2188,"") -> 101238 | M269: =VLOOKUP(F2187,Sheet2!$A$2:$B$500,2,FALSE) -> 1974.53
A270: 8024 | B270: 12051_1 | C270: MSD-SNRD | D270: 3 | E270: =IF(B2188=B2187,E2187+1,1) -> 3 | F270: SNRD | G270: 3 | H270: SNRD-BY | I270: 1 | J270: 101238 | K270: 101238 | L270: =IF(AND(H2188=C2189,B2188=B2189),J2189,"") -> 101376 | M270: =VLOOKUP(F2188,Sheet2!$A$2:$B$500,2,FALSE) -> 1973.67
A271: 8025 | B271: 12051_1 | C271: SNRD-BY | D271: 1 | E271: =IF(B2189=B2188,E2188+1,1) -> 4 | F271: BY | G271: 1 | H271: BY-CHG | I271: 1 | J271: 101376 | K271: 101376 | L271: =IF(AND(H2189=C2190,B2189=B2190),J2190,"") -> 101450 | M271: =VLOOKUP(F2189,Sheet2!$A$2:$B$500,2,FALSE) -> 1971.71
A272: 8026 | B272: 12051_1 | C272: BY-CHG | D272: 1 | E272: =IF(B2190=B2189,E2189+1,1) -> 5 | F272: CHG | G272: 1 | H272: CHG-CRD | I272: 1 | J272: 101450 | K272: 101450 | L272: =IF(AND(H2190=C2191,B2190=B2191),J2191,"") -> 101514 | M272: =VLOOKUP(F2190,Sheet2!$A$2:$B$500,2,FALSE) -> 1970.22
A273: 8027 | B273: 12051_1 | C273: CHG-CRD | D273: 1 | E273: =IF(B2191=B2190,E2190+1,1) -> 6 | F273: CRD | G273: 1 | H273: CRD-PR | I273: 1 | J273: 101514 | K273: 101514 | L273: =IF(AND(H2191=C2192,B2191=B2192),J2192,"") -> 101588 | M273: =VLOOKUP(F2191,Sheet2!$A$2:$B$500,2,FALSE) -> 1969.68
A274: 8028 | B274: 12051_1 | C274: CRD-PR | D274: 1 | E274: =IF(B2192=B2191,E2191+1,1) -> 7 | F274: PR | G274: 1 | H274: PR-DR | I274: 1 | J274: 101588 | K274: 101588 | L274: =IF(AND(H2192=C2193,B2192=B2193),J2193,"") -> 101718 | M274: =VLOOKUP(F2192,Sheet2!$A$2:$B$500,2,FALSE) -> 1968.1
A275: 8029 | B275: 12051_1 | C275: PR-DR | D275: 1 | E275: =IF(B2193=B2192,E2192+1,1) -> 8 | F275: DR | G275: 1 | H275: DR-MTN | I275: 1 | J275: 101718 | K275: 101838 | L275: =IF(AND(H2193=C2194,B2193=B2194),J2194,"") -> 101970 | M275: =VLOOKUP(F2193,Sheet2!$A$2:$B$500,2,FALSE) -> 1966.9
A276: 8030 | B276: 12051_1 | C276: DR-MTN | D276: 1 | E276: =IF(B2194=B2193,E2193+1,1) -> 9 | F276: MTN | G276: 1 | H276: MTN-SION | I276: 3 | J276: 101970 | K276: 101970 | L276: =IF(AND(H2194=C2195,B2194=B2195),J2195,"") -> 102054 | M276: =VLOOKUP(F2194,Sheet2!$A$2:$B$500,2,FALSE) -> 1965.63
A277: 8031 | B277: 12051_1 | C277: MTN-SION | D277: 3 | E277: =IF(B2195=B2194,E2194+1,1) -> 10 | F277: SION | G277: 3 | H277: SION-CLA | I277: 3 | J277: 102054 | K277: 102054 | L277: =IF(AND(H2195=C2196,B2195=B2196),J2196,"") -> 102198 | M277: =VLOOKUP(F2195,Sheet2!$A$2:$B$500,2,FALSE) -> 1963.04
A278: 8032 | B278: 12051_1 | C278: SION-CLA | D278: 3 | E278: =IF(B2196=B2195,E2195+1,1) -> 11 | F278: CLA | G278: 5 | H278: CLA-VVH | I278: 3 | J278: 102198 | K278: 102198 | L278: =IF(AND(H2196=C2197,B2196=B2197),J2197,"") -> 102280 | M278: =VLOOKUP(F2196,Sheet2!$A$2:$B$500,2,FALSE) -> 1960.36
A279: 8033 | B279: 12051_1 | C279: CLA-VVH | D279: 3 | E279: =IF(B2197=B2196,E2196+1,1) -> 12 | F279: VVH | G279: 3 | H279: VVH-GC | I279: 3 | J279: 102280 | K279: 102280 | L279: =IF(AND(H2197=C2198,B2197=B2198),J2198,"") -> 102534 | M279: =VLOOKUP(F2197,Sheet2!$A$2:$B$500,2,FALSE) -> 1957.95
A280: 8034 | B280: 12051_1 | C280: VVH-GC | D280: 3 | E280: =IF(B2198=B2197,E2197+1,1) -> 13 | F280: GC | G280: 3 | H280: GC-VK | I280: 3 | J280: 102534 | K280: 102534 | L280: =IF(AND(H2198=C2199,B2198=B2199),J2199,"") -> 102748 | M280: =VLOOKUP(F2198,Sheet2!$A$2:$B$500,2,FALSE) -> 1956.45
... A286: 8040 | B286: 12051_1 | C286: MLND-TNA | D286: 3 | E286: =IF(B2204=B2203,E2203+1,1) -> 19 | F286: TNA | G286: 7 | H286: TNA-DIVA | I286: 1 | J286: 103364 | K286: 103484 | L286: =IF(AND(H2204=C2205,B2204=B2205),J2205,"") -> 103844 | M286: =VLOOKUP(F2204,Sheet2!$A$2:$B$500,2,FALSE) -> 1942.73
A287: 8041 | B287: 12051_1 | C287: TNA-DIVA | D287: 1 | E287: =IF(B2205=B2204,E2204+1,1) -> 20 | F287: DIVA | G287: 3 | J287: 103844 | K287: 103844 | L287: =IF(AND(H2205=C2206,B2205=B2206),J2206,"") | M287: =VLOOKUP(F2205,Sheet2!$A$2:$B$500,2,FALSE) -> 1933.3
A288: 3185 | B288: 12052_0 | C288: Not_Defined | D288: Not_Defined | E288: =IF(B2206=B2205,E2205+1,1) -> 1 | F288: DIVA | G288: 4 | H288: DIVA-MBQ | I288: 2 | J288: 78600 | K288: 78600 | L288: =IF(AND(H2206=C2207,B2206=B2207),J2207,"") -> 78752 | M288: =VLOOKUP(F2206,Sheet2!$A$2:$B$500,2,FALSE) -> 1933.3
A289: 3186 | B289: 12052_0 | C289: DIVA-MBQ | D289: 2 | E289: =IF(B2207=B2206,E2206+1,1) -> 2 | F289: MBQ | G289: 2 | H289: MBQ-KLVA | I289: 2 | J289: 78752 | K289: 78752 | L289: =IF(AND(H2207=C2208,B2207=B2208),J2208,"") -> 78906 | M289: =VLOOKUP(F2207,Sheet2!$A$2:$B$500,2,FALSE) -> 1936.68
A290: 3187 | B290: 12052_0 | C290: MBQ-KLVA | D290: 2 | E290: =IF(B2208=B2207,E2207+1,1) -> 3 | F290: KLVA | G290: 2 | H290: KLVA-TNA | I290: 2 | J290: 78906 | K290: 78906 | L290: =IF(AND(H2208=C2209,B2208=B2209),J2209,"") -> 79048 | M290: =VLOOKUP(F2208,Sheet2!$A$2:$B$500,2,FALSE) -> 1940.35
A291: 3188 | B291: 12052_0 | C291: KLVA-TNA | D291: 2 | E291: =IF(B2209=B2208,E2208+1,1) -> 4 | F291: TNA | G291: 4 | H291: TNA-MLND | I291: 2 | J291: 79048 | K291: 79168 | L291: =IF(AND(H2209=C2210,B2209=B2210),J2210,"") -> 79310 | M291: =VLOOKUP(F2209,Sheet2!$A$2:$B$500,2,FALSE) -> 1942.73
A292: 3189 | B292: 12052_0 | C292: TNA-MLND | D292: 2 | E292: =IF(B2210=B2209,E2209+1,1) -> 5 | F292: MLND | G292: 2 | H292: MLND-NHU | I292: 2 | J292: 79310 | K292: 79310 | L292: =IF(AND(H2210=C2211,B2210=B2211),J2211,"") -> 79390 | M292: =VLOOKUP(F2210,Sheet2!$A$2:$B$500,2,FALSE) -> 1945.19
A293: 3190 | B293: 12052_0 | C293: MLND-NHU | D293: 2 | E293: =IF(B2211=B2210,E2210+1,1) -> 6 | F293: NHU | G293: 2 | H293: NHU-BND | I293: 2 | J293: 79390 | K293: 79390 | L293: =IF(AND(H2211=C2212,B2211=B2212),J2212,"") -> 79468 | M293: =VLOOKUP(F2211,Sheet2!$A$2:$B$500,2,FALSE) -> 1947.29
A294: 3191 | B294: 12052_0 | C294: NHU-BND | D294: 2 | E294: =IF(B2212=B2211,E2211+1,1) -> 7 | F294: BND | G294: 2 | H294: BND-KJRD | I294: 2 | J294: 79468 | K294: 79468 | L294: =IF(AND(H2212=C2213,B2212=B2213),J2213,"") -> 79604 | M294: =VLOOKUP(F2212,Sheet2!$A$2:$B$500,2,FALSE) -> 1949.19
A295: 3192 | B295: 12052_0 | C295: BND-KJRD | D295: 2 | E295: =IF(B2213=B2212,E2212+1,1) -> 8 | F295: KJRD | G295: 2 | H295: KJRD-VK | I295: 2 | J295: 79604 | K295: 79604 | L295: =IF(AND(H2213=C2214,B2213=B2214),J2214,"") -> 79680 | M295: =VLOOKUP(F2213,Sheet2!$A$2:$B$500,2,FALSE) -> 1951.06
A296: 3193 | B296: 12052_0 | C296: KJRD-VK | D296: 2 | E296: =IF(B2214=B2213,E2213+1,1) -> 9 | F296: VK | G296: 2 | H296: VK-GC | I296: 2 | J296: 79680 | K296: 79680 | L296: =IF(AND(H2214=C2215,B2214=B2215),J2215,"") -> 79834 | M296: =VLOOKUP(F2214,Sheet2!$A$2:$B$500,2,FALSE) -> 1952.9
...

Sheet Sheet2
A1: Station | B1: Distance
A2: HWH | B2: 0
A3: TPKR | B3: 2.7
A4: DSNR | B4: 4.44
A5: RMJ | B5: 6.08
A6: SRC | B6: 7.48
A7: MRGM | B7: 10.3
A8: ADL | B8: 12.3
A9: SEL | B9: 15.9
A10: ABB | B10: 17.2
A11: NALR | B11: 20.2
A12: BVA | B12: 24.1
A13: CGA | B13: 27.24
... A319: CABN | B319: 844
